{
	"class_name" : "PinholeCameraParameters",
	"extrinsic" : 
	[
		0.94591205474716566,
		0.18975648652627047,
		-0.2631403817455627,
		0.0,
		0.10402816774723396,
		-0.94568130999768951,
		-0.30800162375579659,
		0.0,
		-0.3072922468907221,
		0.2639684370190104,
		-0.9142713706873864,
		0.0,
		3.3664272027167028,
		-3.737256556208266,
		13.936124448584771,
		1.0
	],
	"intrinsic" : 
	{
		"height" : 1061,
		"intrinsic_matrix" : 
		[
			918.85295341528945,
			0.0,
			0.0,
			0.0,
			918.85295341528945,
			0.0,
			959.5,
			530.0,
			1.0
		],
		"width" : 1920
	},
	"version_major" : 1,
	"version_minor" : 0
}